{
	"class_name" : "PinholeCameraParameters",
	"extrinsic" : 
	[
		-0.60020159869081302,
		0.20207844491875168,
		-0.77390073202459975,
		0.0,
		-0.66688031987358987,
		0.40778852789716485,
		0.62368193454737941,
		0.0,
		0.4416205157081029,
		0.89043406191288654,
		-0.1099931883846768,
		0.0,
		-1.2808582114926521,
		-0.84612391691954669,
		2.8622076116184574,
		1.0
	],
	"intrinsic" : 
	{
		"height" : 557,
		"intrinsic_matrix" : 
		[
			482.37614990793236,
			0.0,
			0.0,
			0.0,
			482.37614990793236,
			0.0,
			594.0,
			278.0,
			1.0
		],
		"width" : 1189
	},
	"version_major" : 1,
	"version_minor" : 0
}